<?xml version="1.0" encoding="UTF-8" standalone="yes"?>
<addon id="plugin.video.xtreamxc" name="XCUI Streams" version="4.2.8" provider-name="Ottlinux">
	<requires>
		<import addon="script.module.requests" version="2.27.1"/>
	</requires>
  <extension point="xbmc.python.pluginsource"
			library="default.py">
		<provides>video</provides>
  </extension>
  <extension point="xbmc.addon.metadata">
	<summary lang="en">Ottlinux</summary>
	<language>en</language>
	<description lang="en">Ottlinux</description>
	<platform>all</platform>
	<assets>
		<icon>icon.png</icon>
	</assets>
  </extension>
</addon>
