<?xml version="1.0" encoding="UTF-8" standalone="yes"?>
<addon id="plugin.video.tvipxc" name="[B][COLOR red]Xtream Player[/B][/COLOR]" version="3.3.5" provider-name="Ottlinux">	<requires>
		<import addon="script.module.requests" version="2.27.1"/>
	</requires>
  <extension point="xbmc.python.pluginsource"
			library="default.py">
		<provides>video</provides>
  </extension>
  <extension point="xbmc.addon.metadata">
		<summary lang="en">Ottlinux xtream codes</summary>
	<language>es</language>
	<description lang="en">App para servidores privados</description>
	<platform>all</platform>
	<assets>
		<icon>icon.png</icon>
		<fanart>fanart.jpg</fanart>
	</assets>
  </extension>
</addon>
