<?xml version="1.0" encoding="UTF-8" standalone="yes"?>
<addon id="plugin.video.tvip" name="Tvip" version="3.1.9" provider-name="Tvip">
  <extension point="xbmc.python.pluginsource"
			library="default.py">
		<provides>video</provides>
  </extension>
  <extension point="xbmc.addon.metadata">
	<summary lang="en">Ottlinux xtream codes</summary>
	<language>es</language>
	<description lang="en">App para servidores privados</description>
	<platform>all</platform>
	<assets>
		<icon>icon.png</icon>
		<fanart>fanart.jpg</fanart>
	</assets>
  </extension>
</addon>
