﻿<?xml version="1.0" encoding="UTF-8" standalone="yes"?>
<addon id="repository.tvip" name="Tvip" version="3.1.8" provider-name="ottlinux">
	<requires>
		<import addon="xbmc.addon" version="12.0.0"/>
	</requires>
	<extension point="xbmc.addon.repository" name="Ottlinux repo">
		<dir minversion="18.9.0">
                <info compressed="false">https://raw.githubusercontent.com/tvboxlinux/motor/master/_repo/addons.xml</info>
                <checksum>https://raw.githubusercontent.com/tvboxlinux/motor/master/_repo/addons.xml.md5</checksum>
                <datadir zip="true">https://github.com/tvboxlinux/motor/raw/master/_repo/</datadir>
	        <hashes>false</hashes>
		</dir>
	</extension>
	<extension point="xbmc.addon.metadata">
		<description lang="en">Complemento de Ottlinux "Contacto tvboxlinux@mail.com".</description>
		<platform>all</platform>
		<license/>
		<forum>tvboxlinux@mail.com</forum>
		<website/>
		<email/>
		<source/>
		<news>[B]1.1.8[/B] (2019-11-17)
- New repo icon (higher resolution)

[B]1.1.7[/B] (2019-08-24)
- Cleanup (Bye Jarvis)

[B]1.1.6[/B] (2019-08-24)
- Added KODI 19 (Matrix) repo

[B]1.1.5[/B] (2017-01-16)
- Minor cleanup

[B]1.1.4[/B] (2017-01-16)
- Now supporting KODI 18 (Leia)

[B]1.1.3[/B] (2016-08-03)
- Minor cleanup

[B]1.1.2[/B] (2016-07-23)
- Changes for KODI 17 (Krypton): Repo is multi-dir based again (for now)
		</news>
		<assets>
			<icon>resources/icon.png</icon>
		</assets>
	</extension>
</addon>
