<?xml version="1.1" encoding="UTF-8" standalone="yes"?>
<addon id="plugin.video.ottplayer" name="Ottplayer" version="4.9.2" provider-name="Xtreamcoceds">
  <requires>
	<import addon="xbmc.python" version="3.0.0" />
	<import addon="script.module.requests" />
  </requires>
  <extension point="xbmc.python.pluginsource" library="default.py">
        <provides>video</provides>
  </extension>
  <extension point="xbmc.addon.metadata">
    <summary lang="en">Ottplayer</summary>
    <language>en</language>
    <description lang="en">Xtreamcodecs Ui</description>
    <platform>all</platform>
    <assets>
        <icon>icon.png</icon>
        <fanart>fanart.jpg</fanart>
    </assets>
  </extension>
</addon>
