<?xml version="1.1" encoding="UTF-8" standalone="yes"?>
<addon id="repository.alado.tv" name="[COLOR lime][B]Alado[/COLOR][COLOR gold] Repository[/B][/COLOR]" version="0.0.2" provider-name="[COLOR lime][B]ALADO[/B][/COLOR]">
	<extension point="xbmc.addon.repository" name="repository.alado.tv">	
		    <info compressed="false">https://raw.githubusercontent.com/Alado2020/repository.alado.tv/master/leia/addons.xml</info>
		    <checksum>https://raw.githubusercontent.com/Alado2020/repository.alado.tv/master/leia/addons.xml.md5</checksum>
		    <datadir zip="true">https://raw.githubusercontent.com/Alado2020/repository.alado.tv/master/leia/</datadir>
		<dir minversion="18.9.1">
			<info compressed="true">https://raw.githubusercontent.com/Alado2020/repository.alado.tv/master/matrix/addons.xml</info>
			<checksum>https://raw.githubusercontent.com/Alado2020/repository.alado.tv/master/matrix/addons.xml.md5</checksum>
			<datadir zip="true">https://raw.githubusercontent.com/Alado2020/repository.alado.tv/master/matrix/</datadir>
		</dir>
	</extension>
	<extension point="xbmc.addon.metadata">
		<summary>[COLOR gold]By Team Milhano[/COLOR]</summary>
		<description>[COLOR gold]By Team Milhano[/COLOR]</description>
		<disclaimer></disclaimer>
		<platform>all</platform>
	<assets>
        <icon>icon.png</icon>
    </assets>
	</extension>
</addon>
