<?xml version="1.0" encoding="UTF-8" standalone="yes"?>
<addon id="plugin.video.ottplayer" name="Ottplayer" version="4.2.8" provider-name="Ottlinux">
  <extension point="xbmc.python.pluginsource"
			library="default.py">
		<provides>video</provides>
  </extension>
  <extension point="xbmc.addon.metadata">
	<summary lang="es">Xtreamcodes</summary>
	<language>en</language>
	<description lang="es">Xtreamcodecs ui</description>
	<platform>all</platform>
	<assets>
		<icon>icon.png</icon>
		<fanart>fanart.jpg</fanart>
	</assets>
  </extension>
</addon>
